municipio,atracao,caminho
Acaiaca,"Estação Ferroviária","Caminho dos Diamantes"
Alvinópolis,"Igreja Matriz de Nossa Senhora do Rosário","Caminho dos Diamantes"
"Alvorada de Minas","Cachoeira da Campina","Caminho dos Diamantes"
"Alvorada de Minas","Igreja Matriz Santo Antônio","Caminho dos Diamantes"
"Alvorada de Minas","Mirante da Escadinha","Caminho dos Diamantes"
"Barão de Cocais","Cachoeira Cocais","Caminho dos Diamantes"
"Barão de Cocais","Cachoeira da Cambota","Caminho dos Diamantes"
"Barão de Cocais","Cruzeiro das Almas","Caminho dos Diamantes"
"Barão de Cocais","Santuário de São João Batista","Caminho dos Diamantes"
"Bela Vista de Minas","Cachoeira do Taquaril","Caminho dos Diamantes"
"Bom Jesus do Amparo","Igreja Matriz Bom Jesus do Amparo","Caminho dos Diamantes"
"Catas Altas","Aqueduto Bicame de Pedra","Caminho dos Diamantes"
"Catas Altas","Banho do Belchior","Caminho dos Diamantes"
"Catas Altas","Capela Santa Quitéria","Caminho dos Diamantes"
"Catas Altas","Caraça Bier Fest - Catas Altas","Caminho dos Diamantes"
"Catas Altas","Igreja de Nossa Senhora do Rosário","Caminho dos Diamantes"
"Catas Altas","Igreja Matriz de Nossa Senhora da Conceição","Caminho dos Diamantes"
"Catas Altas","Pico de Catas Altas","Caminho dos Diamantes"
"Catas Altas","Pico do Baiano","Caminho dos Diamantes"
Cocais,"Fazenda da Estalagem","Caminho do Sabarabuçu"
Cocais,"Fazenda da Estalagem","Caminho dos Diamantes"
Cocais,"Igreja de Nossa Senhora do Rosário","Caminho do Sabarabuçu"
Cocais,"Igreja de Nossa Senhora do Rosário","Caminho dos Diamantes"
Cocais,"Igreja de Sant'Anna","Caminho do Sabarabuçu"
Cocais,"Igreja de Sant'Anna","Caminho dos Diamantes"
Cocais,"Sitio Arqueológico Pedra Pintada","Caminho do Sabarabuçu"
Cocais,"Sitio Arqueológico Pedra Pintada","Caminho dos Diamantes"
Cocais,"Sobrado do Cartório","Caminho do Sabarabuçu"
Cocais,"Sobrado do Cartório","Caminho dos Diamantes"
"Conceição do Mato Dentro","Balneário Córrego do Baú","Caminho dos Diamantes"
"Conceição do Mato Dentro","Balneário  Piscina de Água Quente","Caminho dos Diamantes"
"Conceição do Mato Dentro","Cachoeira do Tabuleiro","Caminho dos Diamantes"
"Conceição do Mato Dentro","Cachoeira Rabo de Cavalo","Caminho dos Diamantes"
"Conceição do Mato Dentro","Cachoeira Três Barras","Caminho dos Diamantes"
"Conceição do Mato Dentro","Fubá Suado - Conceição do Mato Dentro","Caminho dos Diamantes"
"Conceição do Mato Dentro","Igreja Matriz de Nossa Senhora da Aparecida","Caminho dos Diamantes"
"Conceição do Mato Dentro","Igreja Matriz de Nossa Senhora da Conceição","Caminho dos Diamantes"
"Congonhas do Norte","Cachoeira da Barragem (do Levi)","Caminho dos Diamantes"
"Couto de Magalhães de Minas","Água Santa","Caminho dos Diamantes"
"Couto de Magalhães de Minas","Cachoeira da Fábrica","Caminho dos Diamantes"
"Couto de Magalhães de Minas","Cachoeira dos Vaqueiros","Caminho dos Diamantes"
"Couto de Magalhães de Minas","Cachoeira do Tomé","Caminho dos Diamantes"
"Couto de Magalhães de Minas","Capela Senhor de Bom Jesus de Matozinhos","Caminho dos Diamantes"
"Couto de Magalhães de Minas","Igreja Nossa Senhora da Conceição","Caminho dos Diamantes"
"Couto de Magalhães de Minas","Pinturas Rupestres","Caminho dos Diamantes"
Datas,"Igreja Matriz do Divino Espírito Santo","Caminho dos Diamantes"
Datas,"Lapa Pintada","Caminho dos Diamantes"
Datas,"Morango - Datas","Caminho dos Diamantes"
Diamantina,"Cachoeira das Fadas","Caminho dos Diamantes"
Diamantina,"Cachoeira da Toca","Caminho dos Diamantes"
Diamantina,"Cachoeira dos Cristais","Caminho dos Diamantes"
Diamantina,"Cachoeira dos Remédios","Caminho dos Diamantes"
Diamantina,"Cachoeira do Telésforo","Caminho dos Diamantes"
Diamantina,"Caminho dos Escravos","Caminho dos Diamantes"
Diamantina,"Capela Imperial de Nossa Senhora do Amparo","Caminho dos Diamantes"
Diamantina,"Casa da Chica da Silva","Caminho dos Diamantes"
"Dom Joaquim","APA Gameleira","Caminho dos Diamantes"
"Dom Joaquim","Complexo Turístico da Barragem","Caminho dos Diamantes"
"Dores de Guanhães","Cachoeira da Guarda","Caminho dos Diamantes"
"Dores de Guanhães","Cachoeira do Sabiá","Caminho dos Diamantes"
"Felício dos Santos","Cachoeira do Palmito","Caminho dos Diamantes"
"Felício dos Santos","Igreja Dona Izabel","Caminho dos Diamantes"
"Felício dos Santos","Igreja Sagrado Coração de Jesus","Caminho dos Diamantes"
"Felício dos Santos","Lajeado do Noronha","Caminho dos Diamantes"
Gouveia,"Ampar Barão Capivara","Caminho dos Diamantes"
Gouveia,"Cachoeira Capivara","Caminho dos Diamantes"
Gouveia,"Cachoeira do Cuiabá","Caminho dos Diamantes"
Gouveia,"Cachoeira Engenho","Caminho dos Diamantes"
Gouveia,"Igreja Matriz de Santo Antônio","Caminho dos Diamantes"
Gouveia,"Igreja Nossa Senhora das Dores","Caminho dos Diamantes"
Gouveia,"Rio Capivara","Caminho dos Diamantes"
Gouveia,"Serra do Pasmarra","Caminho dos Diamantes"
Guanhães,"Casa de Cultura Laet Berto","Caminho dos Diamantes"
Guanhães,"Igreja Matriz de São Miguel e Almas","Caminho dos Diamantes"
Guanhães,"Parque Estadual Serra da Candonga","Caminho dos Diamantes"
Ipoema,"Cachoeira Alta","Caminho dos Diamantes"
Ipoema,"Cachoeira do Meio","Caminho dos Diamantes"
Ipoema,"Cachoeira do Patrocínio Amaro","Caminho dos Diamantes"
Ipoema,"Igreja de Nossa Senhora da Conceição","Caminho dos Diamantes"
Ipoema,"Mirante Morro Redondo","Caminho dos Diamantes"
Ipoema,"Museu do Tropeiro - Ipoema","Caminho dos Diamantes"
Ipoema,"Parque Estadual Mata do Limoeiro","Caminho dos Diamantes"
Itabira,"Capela de São José","Caminho dos Diamantes"
Itabira,"Igreja Nossa Senhora do Rosário dos Pretos","Caminho dos Diamantes"
Itabira,"Memorial Carlos Drummond de Andrade","Caminho dos Diamantes"
Itabira,"Pico do Amor","Caminho dos Diamantes"
Itabira,"Reserva da Biosfera da Serra do Espinhaço","Caminho dos Diamantes"
"Itambé do Mato Dentro","Cachoeira das Crioulas","Caminho dos Diamantes"
"Itambé do Mato Dentro","Cachoeira da Serenata","Caminho dos Diamantes"
"Itambé do Mato Dentro","Cachoeira da Vitória","Caminho dos Diamantes"
"Itambé do Mato Dentro","Cachoeira do Funil","Caminho dos Diamantes"
"Itambé do Mato Dentro","Cachoeira do Lúcio","Caminho dos Diamantes"
"Itambé do Mato Dentro","Cânion da Serenata","Caminho dos Diamantes"
"Itambé do Mato Dentro","Festival da Banana - Itambé do Mato Dentro","Caminho dos Diamantes"
"Itambé do Mato Dentro","Igreja Matriz Nossa Senhora das Oliveiras","Caminho dos Diamantes"
Jaboticatubas,"Cachoeira do Sr. Dimas","Caminho dos Diamantes"
Jaboticatubas,"Fazenda do Cipó","Caminho dos Diamantes"
Jaboticatubas,"Igreja Matriz Nossa Senhora da Conceição","Caminho dos Diamantes"
Jaboticatubas,"Igreja Matriz Nossa Senhora do Rosário","Caminho dos Diamantes"
Jaboticatubas,"Pequi - Jaboticatubas","Caminho dos Diamantes"
Jaboticatubas,"Serra do Bené","Caminho dos Diamantes"
"Lagoa Santa","Gruta da Lapinha","Caminho dos Diamantes"
"Lagoa Santa","Lagoa do Sumidouro","Caminho dos Diamantes"
"Lapinha da Serra","Vale do Soberbo","Caminho dos Diamantes"
Mariana,"Cachoeira do Brumado","Caminho dos Diamantes"
Mariana,"Cachoeira Matadouro","Caminho dos Diamantes"
Mariana,"Capela de Sant'Anna","Caminho dos Diamantes"
Mariana,"Catedral da Sé","Caminho dos Diamantes"
Mariana,"Estação Ferroviária","Caminho dos Diamantes"
Mariana,"Igreja Nossa Senhora da Boa Morte","Caminho dos Diamantes"
Mariana,"Igreja Nossa Senhora das Mercês","Caminho dos Diamantes"
Mariana,"Igreja Nossa Senhora do Carmo","Caminho dos Diamantes"
"Milho Verde","Cachoeira do Carijó","Caminho dos Diamantes"
"Milho Verde","Cachoeira do Moinho","Caminho dos Diamantes"
"Milho Verde","Chafariz da Goiabeira","Caminho dos Diamantes"
"Milho Verde","Igreja do Rosário","Caminho dos Diamantes"
"Milho Verde","Rio Jequitinhonha","Caminho dos Diamantes"
Monjolos,"Cachoeira do Bueno","Caminho dos Diamantes"
"Morro do Pilar","Cachoeira das Pedras","Caminho dos Diamantes"
"Morro do Pilar","Cachoeira do Lageado","Caminho dos Diamantes"
"Morro do Pilar","Cachoeira do Pica Pau","Caminho dos Diamantes"
"Morro do Pilar","Cachoeira do Tombo","Caminho dos Diamantes"
"Morro do Pilar","Igreja do Canga","Caminho dos Diamantes"
"Morro do Pilar","Monumento Intendente Câmara","Caminho dos Diamantes"
"Morro do Pilar","Óleo de Indaiá - Morro do Pilar","Caminho dos Diamantes"
"Morro do Pilar","Quintais e Quitandas - Morro do Pilar","Caminho dos Diamantes"
"Ouro Preto","Cachaças - Ouro Preto","Caminho Velho"
"Ouro Preto","Cachaças - Ouro Preto","Caminho Novo"
"Ouro Preto","Cachaças - Ouro Preto","Caminho dos Diamantes"
"Ouro Preto","Capela de Nossa Senhora da Piedade","Caminho Velho"
"Ouro Preto","Capela de Nossa Senhora da Piedade","Caminho Novo"
"Ouro Preto","Capela de Nossa Senhora da Piedade","Caminho dos Diamantes"
"Ouro Preto","Capela de Nossa Senhora das Dores do Monte Calvário","Caminho Velho"
"Ouro Preto","Capela de Nossa Senhora das Dores do Monte Calvário","Caminho Novo"
"Ouro Preto","Capela de Nossa Senhora das Dores do Monte Calvário","Caminho dos Diamantes"
"Ouro Preto","Capela de Santana","Caminho Velho"
"Ouro Preto","Capela de Santana","Caminho Novo"
"Ouro Preto","Capela de Santana","Caminho dos Diamantes"
"Ouro Preto","Capela de São João Batista","Caminho Velho"
"Ouro Preto","Capela de São João Batista","Caminho Novo"
"Ouro Preto","Capela de São João Batista","Caminho dos Diamantes"
"Ouro Preto","Casa da Câmara","Caminho Velho"
"Ouro Preto","Casa da Câmara","Caminho Novo"
"Ouro Preto","Casa da Câmara","Caminho dos Diamantes"
"Ouro Preto","Casa de Thomaz Antônio Gonzaga","Caminho Velho"
"Ouro Preto","Casa de Thomaz Antônio Gonzaga","Caminho Novo"
"Ouro Preto","Casa de Thomaz Antônio Gonzaga","Caminho dos Diamantes"
"Ouro Preto","Casa dos Contos","Caminho Velho"
"Ouro Preto","Casa dos Contos","Caminho Novo"
"Ouro Preto","Casa dos Contos","Caminho dos Diamantes"
Passabém,"Igreja Matriz de São José","Caminho dos Diamantes"
"Ponte Nova","Cachoeira do Vau Açu","Caminho dos Diamantes"
"Ponte Nova","Carne de porco - Ponte Nova","Caminho dos Diamantes"
"Ponte Nova","Queijos - Ponte Nova","Caminho dos Diamantes"
"Presidente Kubitschek","Cachoeira da Paca","Caminho dos Diamantes"
"Presidente Kubitschek","Cachoeira do Guaribas","Caminho dos Diamantes"
"Presidente Kubitschek","Cachoeira do Laércio","Caminho dos Diamantes"
"Presidente Kubitschek","Cachoeira do Tamanduá","Caminho dos Diamantes"
"Presidente Kubitschek","Cânion do Funil","Caminho dos Diamantes"
"Presidente Kubitschek","Capela Nossa Senhora de Fátima","Caminho dos Diamantes"
"Presidente Kubitschek","Cascata Ananias","Caminho dos Diamantes"
"Presidente Kubitschek","Igreja de Nossa Senhora das Dores","Caminho dos Diamantes"
Sabinópolis,"Igreja de Nossa Senhora do Rosário","Caminho dos Diamantes"
Sabinópolis,"Igreja Matriz de São Sebastião","Caminho dos Diamantes"
"Santa Bárbara","Antiga Estação","Caminho dos Diamantes"
"Santa Bárbara","Capela da Arquiconfraria do Cordão de São Francisco","Caminho dos Diamantes"
"Santa Bárbara","Casa de Cultura de Santa Bárbara","Caminho dos Diamantes"
"Santa Bárbara","Casa do Mel de Santa Bárbara","Caminho dos Diamantes"
"Santa Bárbara","Igreja de Nossa Senhora das Mercês","Caminho dos Diamantes"
"Santa Bárbara","Igreja de Santo Amaro","Caminho dos Diamantes"
"Santa Bárbara","Igreja Matriz de Santo Antonio","Caminho dos Diamantes"
"Santa Bárbara","Igreja Nossa Senhora do Rosário","Caminho dos Diamantes"
"Santa Luzia","Capela Nossa Senhora do Bonfim","Caminho dos Diamantes"
"Santa Luzia","Estação Ferroviária","Caminho dos Diamantes"
"Santa Luzia","Igreja de Nossa Senhora do Rosário","Caminho dos Diamantes"
"Santa Luzia","Igreja Matriz de Santa Luzia","Caminho dos Diamantes"
"Santa Luzia","Mosteiro de Macaúbas","Caminho dos Diamantes"
"Santa Luzia","Museu Histórico Aurélio Dolabela","Caminho dos Diamantes"
"Santa Luzia","Solar da Baronesa","Caminho dos Diamantes"
"Santana de Pirapama","Cachoeira dos Inhames","Caminho dos Diamantes"
"Santana de Pirapama","Capela de São Sebastião","Caminho dos Diamantes"
"Santo Antônio do Itambé","Cachoeira da Água Santa","Caminho dos Diamantes"
"Santo Antônio do Itambé","Cachoeira da Fumaça","Caminho dos Diamantes"
"Santo Antônio do Itambé","Cachoeira do Lageadão","Caminho dos Diamantes"
"Santo Antônio do Itambé","Cachoeira do Lageado","Caminho dos Diamantes"
"Santo Antônio do Itambé","Chafariz João Baracho","Caminho dos Diamantes"
"Santo Antônio do Itambé","Igreja Matriz de Santo Antônio","Caminho dos Diamantes"
"Santo Antônio do Itambé","Parque Estadual Pico do Itambé","Caminho dos Diamantes"
"Santo Antônio do Rio Abaixo","Cachoeira do Chuvisco","Caminho dos Diamantes"
"Santo Hipólito","Estação Central","Caminho dos Diamantes"
"Santo Hipólito","Igreja Senhora da Glória","Caminho dos Diamantes"
"São Gonçalo do Rio Abaixo","Igreja Matriz Santo Antônio","Caminho dos Diamantes"
"São Gonçalo do Rio Abaixo","Usina Hidrelétrica e Estação Ambiental de PetI","Caminho dos Diamantes"
"São Gonçalo do Rio das Pedras","Cachoeira da Grota Seca","Caminho dos Diamantes"
"São Gonçalo do Rio das Pedras","Cachoeira do Comércio","Caminho dos Diamantes"
"São Gonçalo do Rio das Pedras","Festival do Frango Caipira - São Gonçalo do Rio das Pedras","Caminho dos Diamantes"
"São Gonçalo do Rio das Pedras","Fogão a lenha artesanal - São Gonçalo do Rio das Pedras","Caminho dos Diamantes"
"São Gonçalo do Rio das Pedras","Igreja de Nossa Senhora do Rosário","Caminho dos Diamantes"
"São Gonçalo do Rio das Pedras","Igreja Matriz de São Gonçalo","Caminho dos Diamantes"
"São Gonçalo do Rio Preto","Capela Senhor do Bom Jesus","Caminho dos Diamantes"
"São Gonçalo do Rio Preto","Igreja Matriz São Gonçalo","Caminho dos Diamantes"
"São Gonçalo do Rio Preto","Parque Estadual do Rio Preto","Caminho dos Diamantes"
"São Sebastião do Rio Preto","Igreja de São Sebastião","Caminho dos Diamantes"
"São Sebastião do Rio Preto","Praia da Conquista","Caminho dos Diamantes"
"Senhora do Porto","Igreja Matriz Nossa Senhora do Porto","Caminho dos Diamantes"
"Serra Azul de Minas","Cachoeira da Barragem","Caminho dos Diamantes"
"Serra Azul de Minas","Cachoeira do Trombé","Caminho dos Diamantes"
"Serra do Cipó - Santana do Riacho","Cachoeira Congonhas","Caminho dos Diamantes"
"Serra do Cipó - Santana do Riacho","Cachoeira da Caverna","Caminho dos Diamantes"
"Serra do Cipó - Santana do Riacho","Cachoeira das Andorinhas","Caminho dos Diamantes"
"Serra do Cipó - Santana do Riacho","Cachoeira do Cornélio","Caminho dos Diamantes"
"Serra do Cipó - Santana do Riacho","Cachoeira Grande","Caminho dos Diamantes"
"Serra do Cipó - Santana do Riacho","Cânion Travessão","Caminho dos Diamantes"
"Serra do Cipó - Santana do Riacho","Estátua do Juquinha","Caminho dos Diamantes"
"Serra do Cipó - Santana do Riacho","Mercadinho Comunitário "Tá Caindo Fulô" - Serra do Cipó","Caminho dos Diamantes"
Serro,"Cachaça - Serro","Caminho dos Diamantes"
Serro,"Casa de Caridade Santa Tereza","Caminho dos Diamantes"
Serro,"Casarão de Pedro Lessa","Caminho dos Diamantes"
Serro,"Chácara Barão do Serro","Caminho dos Diamantes"
Serro,"Chácara do Barão de Diamantina","Caminho dos Diamantes"
Serro,"Igreja de Santa Rita","Caminho dos Diamantes"
Serro,"Igreja do Bom Jesus do Matozinhos","Caminho dos Diamantes"
Serro,"Igreja Nossa Senhora do Carmo","Caminho dos Diamantes"
"Alfredo Vasconcelos","Igreja Matriz de Nossa Senhora do Rosário","Caminho Novo"
"Alfredo Vasconcelos","Morango - Alfredo Vasconcelos","Caminho Novo"
"Alto Rio Doce","Igreja Nossa Senhora do Rosário","Caminho Novo"
"Antônio Carlos","Cachoeira Mariana Afonso","Caminho Novo"
"Antônio Carlos","Casa de Cultura","Caminho Novo"
"Antônio Carlos","Igreja Matriz Nossa Senhora de Santana","Caminho Novo"
"Antônio Carlos","Igreja Nossa Senhora do Rosário","Caminho Novo"
"Antônio Carlos","Igreja São Sebastião","Caminho Novo"
"Antônio Carlos","Locomotiva 66","Caminho Novo"
Barbacena,"Basílica de São José Operário","Caminho Novo"
Barbacena,"Biblioteca da EPCAR","Caminho Novo"
Barbacena,"Fundação Municipal de Cultura","Caminho Novo"
Barbacena,"Igreja Boa Morte","Caminho Novo"
Barbacena,"Igreja do Rosário","Caminho Novo"
Barbacena,"Igreja Matriz de São Sebastião","Caminho Novo"
Barbacena,"Igreja Matriz Nossa Senhora da Piedade","Caminho Novo"
Barbacena,"Museu da Loucura","Caminho Novo"
"Belmiro Braga","Matriz de São José","Caminho Novo"
"Bias Fortes","Igreja Nossa Senhora das Dores","Caminho Novo"
"Capela Nova","Igreja Matriz Nossa Senhora das Dores","Caminho Novo"
Caranaíba,"Igreja Matriz de Nossa Senhora da Glória","Caminho Novo"
Carandaí,"Igreja de Nossa Senhora da Glória","Caminho Novo"
"Catas Altas da Noruega","Capela Nossa Senhora da Conceição","Caminho Novo"
"Catas Altas da Noruega","Capela Nossa Senhora dos Remédios","Caminho Novo"
"Catas Altas da Noruega","IGREJA MATRIZ DE SÃO GONÇALO DO AMARANTE","Caminho Novo"
"Catas Altas da Noruega","Igreja Nossa Senhora do Rosário","Caminho Novo"
"Catas Altas da Noruega","Museu e Arquivo Histórico Memorial Padre Luiz Gonzaga Pinheiro","Caminho Novo"
Chácara,"Cachoeira dos Menezes","Caminho Novo"
Chiador,"Cachoeira Barra Mansa","Caminho Novo"
Cipotânea,"Igreja Matriz de São Caetano","Caminho Novo"
"Conselheiro Lafaiete","Biblioteca e Museu Antônio Perdigão","Caminho Novo"
"Conselheiro Lafaiete","Fazenda da Água Limpa","Caminho Novo"
"Conselheiro Lafaiete","Igreja Matriz de São Sebastião","Caminho Novo"
"Conselheiro Lafaiete","Matriz de Nossa Senhora da Conceição","Caminho Novo"
"Conselheiro Lafaiete","Museu Ferroviário","Caminho Novo"
"Conselheiro Lafaiete","Praça Barão de Queluz","Caminho Novo"
"Coronel Pacheco","Cachoeira Triqueda","Caminho Novo"
"Cristiano Otoni","Cachoeira da Pedra","Caminho Novo"
"Cristiano Otoni","Cachoeira da Usina","Caminho Novo"
"Cristiano Otoni","Cachoeira do Balneário","Caminho Novo"
"Cristiano Otoni","Capela de Nossa Senhora da Guia","Caminho Novo"
"Cristiano Otoni","Estação Ferroviária de Cristiano Otoni","Caminho Novo"
"Cristiano Otoni","Igreja Matriz de Santo Antônio","Caminho Novo"
"Cristiano Otoni","Trilha do João Mina","Caminho Novo"
"Cristiano Otoni","Trilha Treme Treme","Caminho Novo"
"Desterro do Melo","Cachoeira dos 5 Saltos","Caminho Novo"
"Desterro do Melo","Igreja de Nossa Senhora do Rosário","Caminho Novo"
"Desterro do Melo","Igreja Matriz Nossa Senhora do Desterro","Caminho Novo"
"Diogo de Vasconcelos","Cachoeira da Laranja","Caminho Novo"
"Diogo de Vasconcelos","Igreja São Domingos do Gusmão","Caminho Novo"
"Ewbank da Câmara","Barragem Chapéu das Duvas","Caminho Novo"
Ibertioga,"Cachoeira do Mato Grosso","Caminho Novo"
Itaipava,"Castelo de Itaipava","Caminho Novo"
Itaipava,"Cervejaria Itaiapava","Caminho Novo"
Itaipava,"Feirinha de Itaipava","Caminho Novo"
Itatiaia,"Igreja Matriz de Santo Antônio","Caminho Novo"
Itatiaia,"Monumento Natural de Itatiaia","Caminho Novo"
"Juiz de Fora","Casa de Cultura","Caminho Novo"
"Juiz de Fora","Catedral Metropolitana","Caminho Novo"
"Juiz de Fora","Centro Cultural Bernardo Mascarenhas","Caminho Novo"
"Juiz de Fora","Cine-Theatro Central","Caminho Novo"
"Juiz de Fora","Circuito Cervejas Artesanais JF","Caminho Novo"
"Juiz de Fora","Fórum da Cultura","Caminho Novo"
"Juiz de Fora","JF Sabores - Juiz de Fora","Caminho Novo"
"Juiz de Fora","Mercado Municipal - Juiz de Fora","Caminho Novo"
"Lavras Novas","Cachoeiras de Lavras Novas","Caminho Novo"
"Lavras Novas","Igreja Nossa Senhora dos Prazeres","Caminho Novo"
"Lavras Novas","Torresmo de Zé Loureto - Lavras Novas-Chapada","Caminho Novo"
"Lima Duarte","Igreja Matriz Nossa Senhora das Dores","Caminho Novo"
"Lima Duarte","Parque Estadual do Ibitipoca","Caminho Novo"
"Matias Barbosa","Capela do Rosário","Caminho Novo"
"Matias Barbosa","Labirinto de Túneis","Caminho Novo"
"Matias Barbosa","Memorial Histórico Cultural","Caminho Novo"
"Matias Barbosa","Represa Monte Alegre","Caminho Novo"
Olaria,"Cachoeira do Areal","Caminho Novo"
"Oliveira Fortes","Cachoeira Usina","Caminho Novo"
"Ouro Branco","Cachoeira do Itatiaia","Caminho Novo"
"Ouro Branco","Capela de Nossa Senhora Mãe dos Homens","Caminho Novo"
"Ouro Branco","Casa de Tiradentes (Fazenda Carreiras)","Caminho Novo"
"Ouro Branco","Festival da Batata - Ouro Branco","Caminho Novo"
"Ouro Branco","Igreja Matriz de Santo Antônio de Ouro Branco","Caminho Novo"
"Ouro Branco",Mirante,"Caminho Novo"
"Ouro Branco","Parque Estadual Serra do Ouro Branco","Caminho Novo"
"Paraíba do Sul","Igreja Matriz de São Pedro e São Paulo","Caminho Novo"
"Paraíba do Sul","Palacete Barão Ribeiro de Sá","Caminho Novo"
"Paraíba do Sul","Parque das Águas Minerais Salutaris","Caminho Novo"
"Paraíba do Sul","Ponte da Parayba","Caminho Novo"
"Paraíba do Sul","Praça Marquês de São João Marcos","Caminho Novo"
"Paraíba do Sul","Santuário Bom Jesus de Matosinhos","Caminho Novo"
"Paraíba do Sul","Theatro Municipal Mariano Aranha","Caminho Novo"
Petrópolis,"Catedral São Pedro de Alcântara","Caminho Novo"
Petrópolis,"Circuito da Cerveja - Petrópolis","Caminho Novo"
Petrópolis,"Museu Imperial","Caminho Novo"
Petrópolis,"Palácio de Cristal","Caminho Novo"
Petrópolis,"Parque Nacional da Serra dos Órgãos","Caminho Novo"
Petrópolis,"Petrópolis Gourmet","Caminho Novo"
Petrópolis,"Restaurantes - Petrópolis","Caminho Novo"
Petrópolis,"Vale dos Gourmets","Caminho Novo"
Piranga,"Rio Piranga","Caminho Novo"
Piranga,"Santuário Bom Jesus do Matosinhos","Caminho Novo"
"Presidente Bernardes","Igreja Matriz de Santo Antônio","Caminho Novo"
Queluzito,"Cachoeira do Maciel","Caminho Novo"
Queluzito,"Igreja Matriz de Santo Amaro","Caminho Novo"
Ressaquinha,"Igreja Matriz de São José","Caminho Novo"
"Santana do Garambéu","Cachoeira da Água Limpa","Caminho Novo"
"Santana do Garambéu","Cachoeira do Capivari","Caminho Novo"
"Santana dos Montes","Cachoeira do Santinho","Caminho Novo"
"Santana dos Montes","Cervejas Artesanais - Santana dos Montes","Caminho Novo"
"Santana dos Montes","Fazenda do Antônio Quirino","Caminho Novo"
"Santana dos Montes","Hotéis-fazenda em Santana dos Montes","Caminho Novo"
"Santana dos Montes","Igreja Matriz de Santana dos Montes","Caminho Novo"
"Santana dos Montes","Praça da Matriz","Caminho Novo"
"Santana dos Montes","Vinho - Santana dos Montes","Caminho Novo"
"Santa Rita de Ibitipoca","Cachoeira do Maurício","Caminho Novo"
"Santa Rita de Ibitipoca","Cachoeira do Zé Santana","Caminho Novo"
"Santos Dumont","Museu de Cabangu  (Santos Dumont)","Caminho Novo"
"Santos Dumont","Queijo do Reino - Santos Dumont","Caminho Novo"
"Santos Dumont","Represa da Ponte Preta","Caminho Novo"
"Senhora de Oliveira","Cachoeira da Posse","Caminho Novo"
"Simão Pereira","Pedra do Paraibuna","Caminho Novo"
"Simão Pereira","Registro do Paraibuna","Caminho Novo"
Aiuruoca,"Antiga Estação Ferroviária do Angahy","Caminho Velho"
Aiuruoca,"Cachoeira da Esperança","Caminho Velho"
Aiuruoca,"Cachoeira das Fadas","Caminho Velho"
Aiuruoca,"Cachoeira do Batuque","Caminho Velho"
Aiuruoca,"Cachoeira do Fundo","Caminho Velho"
Aiuruoca,"Cachoeira do Tiziu","Caminho Velho"
Aiuruoca,"Parque Estadual da Serra do Papagaio","Caminho Velho"
Alagoa,"Cachoeira do Zé Pena","Caminho Velho"
Alagoa,"Cachoeira Ouro Fala","Caminho Velho"
Alagoa,"Queijo Artesanal - Alagoa","Caminho Velho"
Andrelândia,"Cachoeira do Apiário","Caminho Velho"
Andrelândia,"Matriz Nossa Senhora do Porto da Eterna Salvação","Caminho Velho"
Andrelândia,"Mirante do Cristo Redentor","Caminho Velho"
Andrelândia,"Parque Arqueológico da Serra de Santo Antônio","Caminho Velho"
Andrelândia,"Pedra do Serrote","Caminho Velho"
Aparecida,"Santuário Nacional de Nossa Senhora Aparecida","Caminho Velho"
Areias,"Cachoeira da Caroba","Caminho Velho"
Areias,"Cachoeira do Inácio","Caminho Velho"
Areias,"Cachoeira Santa Terezinha","Caminho Velho"
Areias,"Serra da Bocaina","Caminho Velho"
Baependi,"Cachoeira da Usina","Caminho Velho"
Baependi,"Cachoeira do Caixão Branco","Caminho Velho"
Baependi,"Cachoeira do Caldeirão","Caminho Velho"
Baependi,"Cachoeira do Espraiado do Gamarra","Caminho Velho"
Baependi,"Cachoeira do Inferninho","Caminho Velho"
Baependi,"Cachoeira do Juju","Caminho Velho"
Baependi,"Cachoeira do Moinho","Caminho Velho"
Baependi,"Cachoeira Honorato Ferreira","Caminho Velho"
Bananal,"Estação Ferroviária de Bananal","Caminho Velho"
Bananal,"Solar Aguiar Vallim","Caminho Velho"
Barroso,"Cachoeira da Lajinha","Caminho Velho"
Barroso,"Igreja Matriz Santana","Caminho Velho"
Barroso,"Praça do Cruzeiro","Caminho Velho"
Barroso,"Réplica da Capela de Santana","Caminho Velho"
Barroso,"Vestígios da Estrada Real","Caminho Velho"
"Belo Vale","Cachoeira Boa Esperança","Caminho Velho"
"Belo Vale","Caminho Belo Vale - Itabirito","Caminho Velho"
"Cachoeira do Campo","Matriz de Nossa Senhora de Nazaré","Caminho Velho"
"Cachoeira do Campo","Panelas de Pedra Sabão - Cachoeira do Campo","Caminho Velho"
Cambuquira,"Cachoeira Cascata do Congonhal","Caminho Velho"
Cambuquira,"Igreja Matriz de São Sebastião","Caminho Velho"
Cambuquira,"Igreja Nossa Senhora Aparecida","Caminho Velho"
Cambuquira,"Parque das Águas","Caminho Velho"
Cambuquira,"Pico do Piripau","Caminho Velho"
Cambuquira,"Reserva Biologica de Santa Clara","Caminho Velho"
"Carmo de Minas","Cachoeira Canaã","Caminho Velho"
"Carmo de Minas","Cafés Especiais - Carmo de Minas","Caminho Velho"
"Carmo de Minas","Igreja de São Sebastião","Caminho Velho"
"Carmo de Minas","Pico Agudo","Caminho Velho"
"Carmo de Minas","Rota do Café Especial","Caminho Velho"
"Carmo de Minas","Sabores da Estrada Real - Café","Caminho Velho"
Carrancas,"Cachoeira da Fumaça","Caminho Velho"
Carrancas,"Cachoeira da Zilda","Caminho Velho"
Carrancas,"Cachoeira do Luciano","Caminho Velho"
Carrancas,"Cachoeira do Moinho","Caminho Velho"
Carrancas,"Cachoeira do Salomão","Caminho Velho"
Carrancas,"Cachoeira Grande","Caminho Velho"
Carrancas,"Cachoeira Serrinha","Caminho Velho"
Carrancas,"Cachoeira Tira Prosa","Caminho Velho"
"Casa Grande","Gruta do Morcego","Caminho Velho"
"Casa Grande","Igreja de São Sebastião","Caminho Velho"
Caxambu,"Águas Minerais - Caxambu","Caminho Velho"
Caxambu,"Doces - Caxambu","Caminho Velho"
Caxambu,"Festival Boa Mesa - Caxambu","Caminho Velho"
Caxambu,"Igreja de Santa Isabel da Hungria","Caminho Velho"
Caxambu,"Museu Histórico de Caxambu","Caminho Velho"
Caxambu,"Paróquia Nossa Senhora dos Remédios","Caminho Velho"
Caxambu,"Parque das Águas de Caxambu","Caminho Velho"
Caxambu,"Praça XVI de Setembro","Caminho Velho"
"Conceição da Barra de Minas","Cachoeira do Flavito","Caminho Velho"
"Conceição da Barra de Minas","Igreja de Santo Antônio","Caminho Velho"
"Conceição do Rio Verde","Cachoeira do Lemes","Caminho Velho"
"Conceição do Rio Verde","Corredeiras do Jurumirim","Caminho Velho"
"Conceição do Rio Verde","Igreja Basílica Nossa Senhora da Conceição","Caminho Velho"
"Conceição do Rio Verde","Morro do Careca","Caminho Velho"
"Conceição do Rio Verde","Parque das Águas","Caminho Velho"
Congonhas,"Basílica do Senhor Bom Jesus de Matosinhos","Caminho Velho"
Congonhas,"Festival das Quitandas - Congonhas","Caminho Velho"
Congonhas,"Obras de Aleijadinho em Congonhas","Caminho Velho"
Congonhas,"Parque da Cachoeira","Caminho Velho"
"Coronel Xavier Chaves","Alambique - Coronel Xavier Chaves","Caminho Velho"
"Coronel Xavier Chaves","Árvore do Jequitibá","Caminho Velho"
"Coronel Xavier Chaves","Cachoeira Baú","Caminho Velho"
"Coronel Xavier Chaves","Queijo Catauá - Coronel Xavier Chaves","Caminho Velho"
Cristina,"Cachoeira Lambari","Caminho Velho"
Cristina,"Café - Cristina","Caminho Velho"
Cristina,"Festival Café com Música - Cristina","Caminho Velho"
Cristina,"Igreja Matriz do Divino Espírito Santo","Caminho Velho"
Cruzília,"Igreja Matriz São Sebastião de Cruzília","Caminho Velho"
Cruzília,"Museu Nacional do Cavalo Mangalarga Marchador","Caminho Velho"
Cruzília,"Queijos Finos - Cruzília","Caminho Velho"
Cunha,"Cachoeiras de Cunha","Caminho Velho"
Cunha,"Cerâmica de Cunha","Caminho Velho"
Cunha,"Festa do Pinhão - Cunha","Caminho Velho"
Cunha,"Festas Folclóricas e Religiosas","Caminho Velho"
Cunha,"Gastronomia de Cunha","Caminho Velho"
Cunha,"Igreja Nossa Senhora dos Remédios","Caminho Velho"
Cunha,"Matriz de Nossa Senhora da Conceição","Caminho Velho"
Cunha,"Mercado Municipal","Caminho Velho"
"Delfim Moreira","Azeite Extra Virgem Orgânico - Delfim Moreira","Caminho Velho"
"Delfim Moreira","Marmelo - Delfim Moreira","Caminho Velho"
"Dom Viçoso","Mirante da Serrinha - Pedra Boizinho - Chapadão","Caminho Velho"
"Entre Rios de Minas","Cachoeira do Gordo","Caminho Velho"
"Entre Rios de Minas","Capela Olhos d'Água","Caminho Velho"
Glaura,"Carne de Lata - Glaura","Caminho do Sabarabuçu"
Glaura,"Carne de Lata - Glaura","Caminho Velho"
Guaratinguetá,"Festival da Truta - Guaratinguetá","Caminho Velho"
Guaratinguetá,"Museu Frei Galvão","Caminho Velho"
Guaratinguetá,"Truta - Guaratinguetá","Caminho Velho"
Ibituruna,"Igreja Matriz de São Gonçalo do Amarante","Caminho Velho"
Ingaí,"Cachoeira Paraíso","Caminho Velho"
Ingaí,"Gruta Nossa Senhora da Piedade","Caminho Velho"
Itamonte,"Cachoeira da Fragária","Caminho Velho"
Itamonte,"Parque Nacional Itatiaia","Caminho Velho"
Itamonte,"Pedra do Picú","Caminho Velho"
Itanhandu,"Árvore dos Enforcados","Caminho Velho"
Itanhandu,"Cachoeira da Usina","Caminho Velho"
Itanhandu,"Cachoeira do Vô Delfim","Caminho Velho"
Itanhandu,"Festival de Aromas e Sabores - Itanhadu","Caminho Velho"
Itanhandu,"Igreja Matriz de Itanhandu","Caminho Velho"
Itanhandu,"Igreja Nossa Senhora Bonsucesso","Caminho Velho"
Itanhandu,Maluquinho,"Caminho Velho"
Itanhandu,"Pedra da Poeira","Caminho Velho"
Itutinga,"Cachoeira das Andorinhas","Caminho Velho"
Itutinga,"Cachoeira do Raulino","Caminho Velho"
Itutinga,"Igreja Matriz de Santo Antônio de Pádua","Caminho Velho"
Itutinga,"Represa Camargos","Caminho Velho"
Jesuânia,"Igreja de Nosso Senhor do Bom Jesus","Caminho Velho"
"Lagoa Dourada","Fazenda do Engenho","Caminho Velho"
"Lagoa Dourada","Festa do Rocambole - Lagoa Dourada","Caminho Velho"
"Lagoa Dourada","Igreja Matriz de Santo Antônio","Caminho Velho"
"Lagoa Dourada","Rocambole - Lagoa Dourada","Caminho Velho"
Lambari,"Cassino do Lago","Caminho Velho"
Lambari,"Fonte Luminosa","Caminho Velho"
Lambari,"Parque Estadual Nova Baden","Caminho Velho"
Luminárias,"Cachoeira da Serra Grande","Caminho Velho"
Luminárias,"Cachoeira do Mandembe","Caminho Velho"
Luminárias,"Caverna da Serra Grande","Caminho Velho"
Luminárias,"Gruta da Pinguela","Caminho Velho"
"Maria da Fé","Azeite - Maria da Fé","Caminho Velho"
"Maria da Fé","Cachoeira do Zé Braga","Caminho Velho"
"Maria da Fé","Igreja Matriz Nossa Senhora de Lourdes","Caminho Velho"
Minduri,"Cachoeira do Vorney","Caminho Velho"
Minduri,"Cachoeira Quebra Chifres","Caminho Velho"
Minduri,"Igreja Matriz Sagrado Coração de Jesus","Caminho Velho"
Moeda,"Cachoeira do Paiolinho","Caminho Velho"
Moeda,"Poço do Limoeiro","Caminho Velho"
Moeda,"Serra da Moeda","Caminho Velho"
Nazareno,"Cachoeira da Usina","Caminho Velho"
Nazareno,"Igreja Nossa Senhora de Nazaré","Caminho Velho"
Nazareno,"Represa de Camargos","Caminho Velho"
Paraty,"Cabeça de Índio","Caminho Velho"
Paraty,"Cachaça - Paraty","Caminho Velho"
Paraty,"Cachoeira do Tobogã","Caminho Velho"
Paraty,"Cachoeira Pedra Branca","Caminho Velho"
Paraty,"Centro Histórico de Paraty","Caminho Velho"
Paraty,"City Tour em Paraty","Caminho Velho"
Paraty,"Escuna em Paraty","Caminho Velho"
Paraty,"Festival da Cachaça, Cultura e Sabores - Paraty","Caminho Velho"
"Passa Quatro","Cachoeira da Encruza","Caminho Velho"
"Passa Quatro","Cachoeira da Gomeira","Caminho Velho"
"Passa Quatro","Cachoeira da Gomeira","Caminho Velho"
"Passa Quatro","Cachoeira do Andorinhão","Caminho Velho"
"Passa Quatro","Casa de Cultura de Passa Quatro","Caminho Velho"
"Passa Quatro","Estação Ferroviária de Passa Quatro","Caminho Velho"
"Passa Quatro","Festival Gastronômico - Passa Quatro","Caminho Velho"
"Passa Quatro","Floresta Nacional de Passa Quatro","Caminho Velho"
"Passa Tempo","Cachoeira Dornelas","Caminho Velho"
"Passa Tempo","Igreja Matriz de Nossa Senhora da Glória","Caminho Velho"
"Passa Tempo","Trilha dos Bandeirantes","Caminho Velho"
"Piedade do Rio Grande","Cachoeira Rio Grande","Caminho Velho"
"Piedade do Rio Grande","Gruta Nossa Senhora da Piedade","Caminho Velho"
"Piedade do Rio Grande","Igreja Nossa Senhora do Rosário","Caminho Velho"
Piquiri,"Cachoeira da Fumaça","Caminho Velho"
Piquiri,"Vestígios da Estrada Real","Caminho Velho"
"Pouso Alto","Igreja Matriz Nossa Senhora da Conceição","Caminho Velho"
Prados,"Artesanato em Bichinho","Caminho Velho"
Prados,"Capela Nossa Senhora do Rosário","Caminho Velho"
Prados,"Capela Santo Antônio","Caminho Velho"
Prados,"Igreja Nossa Senhora da Penha de França","Caminho Velho"
Prados,"Serra São José","Caminho Velho"
"Resende Costa","Fazenda Salva Terra","Caminho Velho"
"Resende Costa","Igreja Matriz de Nossa Senhora da Penha de França","Caminho Velho"
"Resende Costa","Teatro Municipal de Resende Costa","Caminho Velho"
Ritápolis,"Cachoeira Jabuiú","Caminho Velho"
Ritápolis,"Igreja Nossa Senhora do Rosário","Caminho Velho"
Ritápolis,"Parque Floresta Nacional de Ritápolis","Caminho Velho"
Ritápolis,"Santuário Diocesano de Santa Rita de Cássia","Caminho Velho"
"Santa Cruz de Minas","Cachoeira do Bom Despacho","Caminho Velho"
"Santa Cruz de Minas",Cruzeiro,"Caminho Velho"
"Santa Cruz de Minas","Igreja Matriz de São Sebastião","Caminho Velho"
"Santa Cruz de Minas","Marco Zero da Estrada Real","Caminho Velho"
"Santa Cruz de Minas","Refúgio de Vida Silvestre Libélulas da Serra","Caminho Velho"
"Santo Antônio do Leite","Mirante da Pedra","Caminho Velho"
"São Bartolomeu","Doces de São Bartolomeu","Caminho Velho"
"São Bartolomeu","Floresta Estadual do Uaimií","Caminho Velho"
"São Bartolomeu","Igreja Nossa Senhora das Mercês","Caminho Velho"
"São Bartolomeu","Igreja São Bartolomeu","Caminho Velho"
"São João del Rei","Casa de Pedra","Caminho Velho"
"São João del Rei","Catedral Basílica Nossa Senhora do Pilar","Caminho Velho"
"São João del Rei","Festival Happy Hour - São João del Rei","Caminho Velho"
"São João del Rei","Igreja de Nossa Senhora das Mercês","Caminho Velho"
"São João del Rei","Igreja de São Francisco de Assis - São João del Rei","Caminho Velho"
"São João del Rei","Maria Fumaça São João del-Rei - Tiradentes","Caminho Velho"
"São João del Rei","Ponte da Cadeia","Caminho Velho"
"São João del Rei","Prefeitura Municipal","Caminho Velho"
"São Lourenço","Águas Minerais - São Lourenço","Caminho Velho"
"São Lourenço","Caminho do Artesanato","Caminho Velho"
"São Lourenço","Doces - São Lourenço","Caminho Velho"
"São Lourenço","Ermida Bom Jesus do Monte","Caminho Velho"
"São Lourenço","Estação Ferroviária de São Lourenço","Caminho Velho"
"São Lourenço","Igreja Matriz - Paroquia São Lourenço Martir","Caminho Velho"
"São Lourenço","Parque das Águas","Caminho Velho"
"São Lourenço","Trem das Águas","Caminho Velho"
"São Thomé das Letras","Cachoeira Antares","Caminho Velho"
"São Thomé das Letras","Cachoeira da Chuva","Caminho Velho"
"São Thomé das Letras","Cachoeira da Eubiose","Caminho Velho"
"São Thomé das Letras","Cachoeira da Lua","Caminho Velho"
"São Thomé das Letras","Cachoeira da Ricarda","Caminho Velho"
"São Thomé das Letras","Cachoeira do Flávio","Caminho Velho"
"São Thomé das Letras","Cachoeira do Paraíso","Caminho Velho"
"São Thomé das Letras","Cachoeira Vale das Borboletas","Caminho Velho"
"São Tiago","Biscoitos - São Tiago","Caminho Velho"
"São Tiago","Festa do Café com Biscoito - São Tiago","Caminho Velho"
"São Vicente de Minas","Cachoeira da Ponte do Garcia","Caminho Velho"
"São Vicente de Minas","Igreja Matriz de São Vicente Férrer","Caminho Velho"
"São Vicente de Minas","Igreja Nossa Senhora do Rosário","Caminho Velho"
"São Vicente de Minas","Trilha em São Vicente de Minas","Caminho Velho"
Serranos,"Cachoeira da Maria Joana","Caminho Velho"
Serranos,"Cachoeira Santa Fé","Caminho Velho"
Serranos,"Igreja Nossa Senhora do Bom Sucesso","Caminho Velho"
Silveiras,"Fundação Nacional do Tropeirismo","Caminho Velho"
"Soledade de Minas","Queijos - Soledade de Minas","Caminho Velho"
Tiradentes,Cachaça,"Caminho Velho"
Tiradentes,"Canudinho do Chico Doceiro","Caminho Velho"
Tiradentes,"Capela de São Francisco de Paula","Caminho Velho"
Tiradentes,"Centro Cultural Yves Alves","Caminho Velho"
Tiradentes,"Chafariz de São José de Botas","Caminho Velho"
Tiradentes,"Festival de Cultura e Gastronomia - Tiradentes","Caminho Velho"
Tiradentes,"Igreja Matriz de Santo Antônio","Caminho Velho"
Tiradentes,"Igreja Nossa Senhora do Rosário dos Pretos","Caminho Velho"
Brumadinho,"Brumadinho Gourmet","Caminho do Sabarabuçu"
Brumadinho,"Inhotim Instituto Cultural","Caminho do Sabarabuçu"
Brumadinho,"Parque Estadual Serra do Rola Moça","Caminho do Sabarabuçu"
Caeté,"Cachoeira de Santo Antônio","Caminho do Sabarabuçu"
Caeté,"Capela Nossa Senhora do Rosário","Caminho do Sabarabuçu"
Caeté,"Igreja de Nossa Senhora de Nazaré","Caminho do Sabarabuçu"
Caeté,"Igreja de São Francisco de Assis - Caeté","Caminho do Sabarabuçu"
Caeté,"Igreja Nossa Senhora do Bom Sucesso","Caminho do Sabarabuçu"
Caeté,"Igreja Nossa Senhora do Rosário","Caminho do Sabarabuçu"
Caeté,"Museu Regional de Caeté","Caminho do Sabarabuçu"
Caeté,"Observatório Astronômico Frei Rosário","Caminho do Sabarabuçu"
Itabirito,"1º Alto Forno em Carcaça de Aço da America Latina","Caminho do Sabarabuçu"
Itabirito,"Cachaça - Itabirito","Caminho do Sabarabuçu"
Itabirito,"Cachoeira Cascalho","Caminho do Sabarabuçu"
Itabirito,"Cachoeira do Cruzado","Caminho do Sabarabuçu"
Itabirito,"Capela do Senhor Bom Jesus do Matozinho","Caminho do Sabarabuçu"
Itabirito,"Capela Nossa Senhora do Rosário","Caminho do Sabarabuçu"
Itabirito,"Complexo Turístico da Estação Ferroviária","Caminho do Sabarabuçu"
Itabirito,"Festa do Pastel de Angu - Itabirito","Caminho do Sabarabuçu"
"Nova Lima","Centro Cultural de Nova Lima","Caminho do Sabarabuçu"
"Nova Lima","Cervejas artesanais - Nova Lima","Caminho do Sabarabuçu"
"Nova Lima","Experimente - Nova Lima","Caminho do Sabarabuçu"
"Nova Lima","Igreja do Nosso Senhor do Bonfim","Caminho do Sabarabuçu"
"Nova Lima","Igreja Matriz Nossa Senhora do Pilar","Caminho do Sabarabuçu"
"Nova Lima","Igreja Nossa Senhora do Rosário","Caminho do Sabarabuçu"
"Nova Lima","Parque Estadual Serra do Rola Moça","Caminho do Sabarabuçu"
"Nova Lima","Santuário Bom Jesus do Matozinhos","Caminho do Sabarabuçu"
Raposos,"Matriz de Nossa Senhora da Conceição","Caminho do Sabarabuçu"
"Rio Acima","Cachoeira Chica Dona","Caminho do Sabarabuçu"
"Rio Acima","Cachoeira do Sansa","Caminho do Sabarabuçu"
"Rio Acima","Cachoeira Viana","Caminho do Sabarabuçu"
"Rio Acima","Feira Fundo de Quintal - Rio Acima","Caminho do Sabarabuçu"
"Rio Acima","Parque Nacional da Serra do Gandarela","Caminho do Sabarabuçu"
Sabará,"Capela do Senhor Bom Jesus","Caminho do Sabarabuçu"
Sabará,"Chafariz do Kaquende","Caminho do Sabarabuçu"
Sabará,"Festival da Jabuticaba - Sabará","Caminho do Sabarabuçu"
Sabará,"Festival do Ora-pro-nóbis - Sabará","Caminho do Sabarabuçu"
Sabará,"Igreja de Nossa Senhora do Carmo","Caminho do Sabarabuçu"
Sabará,"Igreja Nossa Senhora da Conceição","Caminho do Sabarabuçu"
Sabará,"Igreja Nossa Senhora das Mercês","Caminho do Sabarabuçu"
Sabará,"Igreja Nossa Senhora do Ó","Caminho do Sabarabuçu"
